lead_id,conversion_probability,lead_score,converted
L02563,0.24,24,0
L01517,0.7071,71,0
L01857,0.5404,54,0
L02146,0.0564,6,0
L00547,0.1105,11,0
L00858,0.2381,24,0
L02959,0.5275,53,0
L02426,0.5534,55,0
L00674,0.4915,49,0
L00496,0.086,9,0
L01588,0.8685,87,1
L02520,0.1961,20,0
L01987,0.4953,50,1
L00551,0.3933,39,1
L02263,0.3524,35,1
L01666,0.9388,94,1
L00742,0.8817,88,1
L02048,0.6508,65,1
L02608,0.3195,32,0
L00697,0.6075,61,1
L00039,0.0864,9,0
L00020,0.8923,89,1
L01256,0.128,13,1
L01761,0.3172,32,1
L00005,0.9088,91,1
L00464,0.1478,15,0
L00532,0.342,34,1
L02067,0.5034,50,1
L01875,0.3143,31,1
L02661,0.7448,74,1
L02789,0.905,90,1
L02937,0.1188,12,1
L01154,0.3498,35,0
L02421,0.7191,72,1
L01297,0.8521,85,0
L01213,0.489,49,1
L02698,0.1164,12,0
L02961,0.328,33,0
L00369,0.3119,31,0
L00024,0.5399,54,0
L00398,0.2288,23,0
L00694,0.1695,17,0
L02436,0.1266,13,1
L01786,0.6499,65,0
L01848,0.4227,42,1
L01685,0.3197,32,0
L01555,0.0801,8,0
L02063,0.0947,9,1
L02883,0.4907,49,0
L01866,0.1741,17,0
L01714,0.0646,6,0
L02286,0.4473,45,1
L02818,0.1046,10,0
L02469,0.2655,27,0
L00271,0.2484,25,1
L01478,0.3918,39,0
L01380,0.3877,39,0
L02524,0.2363,24,0
L00513,0.0547,5,0
L00754,0.7862,79,1
L01248,0.0929,9,0
L00323,0.3656,37,1
L01021,0.7398,74,1
L01676,0.6029,60,1
L02315,0.9616,96,1
L01755,0.9022,90,1
L00894,0.6862,69,0
L01510,0.7691,77,0
L01456,0.6301,63,0
L02347,0.3072,31,0
L00800,0.2231,22,1
L01553,0.8984,90,1
L01206,0.4159,42,1
L01705,0.1087,11,0
L00483,0.1038,10,0
L02546,0.2468,25,0
L00528,0.2518,25,1
L00991,0.9389,94,1
L01429,0.1982,20,0
L01810,0.9412,94,1
L02505,0.1444,14,0
L00282,0.2664,27,0
L02384,0.8544,85,1
L01871,0.1671,17,0
L01406,0.3508,35,0
L00447,0.1042,10,0
L02000,0.6121,61,1
L01807,0.1922,19,0
L01178,0.1223,12,0
L00723,0.3388,34,0
L00232,0.1437,14,0
L01720,0.3179,32,0
L01111,0.49,49,1
L02639,0.1327,13,0
L00032,0.4914,49,1
L01319,0.3369,34,1
L02442,0.4496,45,1
L01687,0.3772,38,0
L01550,0.1626,16,0
L02718,0.434,43,1
L01092,0.4598,46,0
L01994,0.1071,11,0
L00221,0.9364,94,1
L00882,0.4692,47,1
L02482,0.4893,49,1
L02853,0.4754,48,1
L00968,0.531,53,0
L00921,0.7152,72,1
L01682,0.078,8,0
L02646,0.0769,8,0
L00602,0.6444,64,0
L01329,0.2498,25,0
L00040,0.1684,17,0
L02207,0.8261,83,1
L02645,0.1517,15,0
L01707,0.491,49,1
L01149,0.6633,66,0
L02099,0.3959,40,0
L02611,0.3108,31,0
L01794,0.9343,93,1
L00259,0.914,91,1
L02680,0.1789,18,1
L00026,0.2674,27,1
L00948,0.1371,14,0
L02894,0.2984,30,1
L01153,0.1483,15,0
L02236,0.0664,7,0
L01702,0.2062,21,1
L00256,0.4708,47,0
L01334,0.633,63,0
L00570,0.2531,25,1
L01132,0.7661,77,0
L02995,0.2296,23,1
L00267,0.8388,84,0
L02006,0.6677,67,1
L01840,0.3987,40,0
L00491,0.1362,14,0
L00362,0.0999,10,0
L01255,0.0804,8,0
L01447,0.2876,29,1
L02092,0.9031,90,1
L01156,0.1861,19,0
L00281,0.1004,10,0
L02052,0.394,39,0
L00253,0.8862,89,0
L01317,0.313,31,0
L02640,0.0812,8,0
L00384,0.1617,16,0
L01051,0.6655,67,1
L00371,0.2002,20,0
L00892,0.3382,34,0
L00995,0.8314,83,1
L01385,0.0817,8,0
L01533,0.2342,23,0
L00064,0.1702,17,0
L00661,0.078,8,0
L01932,0.5209,52,1
L02045,0.1234,12,0
L01332,0.4076,41,0
L00168,0.6679,67,1
L02776,0.3848,38,1
L00017,0.5624,56,0
L01585,0.8317,83,1
L00002,0.3814,38,0
L01989,0.3248,32,0
L01889,0.8385,84,0
L00646,0.7728,77,1
L00931,0.5374,54,1
L01288,0.4943,49,0
L01266,0.0622,6,0
L02424,0.3069,31,0
L00047,0.4113,41,1
L02620,0.6053,61,0
L00365,0.6135,61,0
L01797,0.2996,30,0
L00051,0.5621,56,0
L02859,0.2841,28,0
L02595,0.0927,9,1
L00194,0.1939,19,0
L00209,0.2302,23,1
L02980,0.8628,86,1
L01859,0.551,55,1
L00604,0.758,76,0
L01330,0.2891,29,0
L00485,0.8551,86,1
L01246,0.1926,19,1
L00165,0.6989,70,0
L02225,0.6317,63,0
L00340,0.1253,13,0
L00272,0.3656,37,1
L02240,0.2004,20,0
L02097,0.8554,86,1
L00242,0.1669,17,1
L02879,0.1258,13,0
L00592,0.4246,42,0
L02396,0.177,18,0
L00406,0.231,23,0
L00370,0.373,37,0
L01193,0.1136,11,1
L02459,0.1843,18,0
L01931,0.8822,88,1
L00682,0.2307,23,0
L01898,0.4707,47,0
L01391,0.3391,34,1
L02185,0.4185,42,0
L01136,0.6135,61,1
L00610,0.5382,54,1
L02364,0.3242,32,0
L02735,0.1565,16,0
L00389,0.5534,55,0
L02110,0.6528,65,1
L00337,0.3894,39,1
L01337,0.6898,69,1
L00705,0.5642,56,0
L00409,0.0945,9,0
L00207,0.6546,65,1
L02042,0.8044,80,0
L00714,0.2642,26,1
L00302,0.2218,22,1
L00997,0.0833,8,0
L02644,0.1168,12,0
L01916,0.8062,81,0
L00798,0.2166,22,0
L02378,0.5712,57,1
L00783,0.0973,10,0
L00025,0.1434,14,0
L02234,0.2211,22,1
L00675,0.7816,78,1
L00358,0.926,93,1
L01390,0.9097,91,1
L02135,0.1885,19,0
L00724,0.8109,81,1
L00161,0.3534,35,1
L01865,0.3051,31,0
L02877,0.6539,65,1
L01470,0.6039,60,0
L02933,0.7665,77,1
L02607,0.6318,63,0
L01640,0.1404,14,0
L00378,0.3776,38,1
L01581,0.1312,13,0
L01214,0.2914,29,0
L02696,0.7246,72,1
L01366,0.1178,12,0
L02470,0.3441,34,0
L01211,0.3627,36,0
L01523,0.2386,24,0
L00670,0.0626,6,0
L01684,0.7057,71,0
L02963,0.4798,48,0
L01532,0.945,94,1
L01593,0.8031,80,1
L01412,0.4867,49,0
L01937,0.3197,32,0
L00698,0.3945,39,0
L01837,0.4304,43,1
L02519,0.7438,74,0
L00448,0.7828,78,0
L02829,0.3387,34,0
L01347,0.6838,68,1
L01142,0.321,32,0
L02332,0.1758,18,1
L02795,0.7116,71,1
L02679,0.2754,28,0
L02862,0.8405,84,1
L00639,0.2858,29,1
L00050,0.5552,56,1
L01100,0.8997,90,1
L01863,0.4131,41,1
L00888,0.2365,24,1
L00471,0.0423,4,0
L00220,0.8449,84,1
L00264,0.5938,59,1
L02060,0.5569,56,0
L02380,0.7916,79,1
L01885,0.4915,49,1
L02750,0.6223,62,0
L02668,0.4674,47,0
L02497,0.2331,23,1
L02190,0.3275,33,0
L01597,0.2772,28,1
L02261,0.5483,55,1
L00691,0.7918,79,1
L02107,0.1173,12,1
L02777,0.9316,93,0
L00893,0.0645,6,1
L00899,0.3723,37,1
L01420,0.4151,42,1
L01543,0.7097,71,1
L02817,0.1148,11,0
L02495,0.0749,7,0
L00511,0.1805,18,0
L02924,0.7108,71,0
L02116,0.1368,14,0
L02026,0.1111,11,0
L02004,0.7091,71,1
L02511,0.3858,39,1
L00266,0.0838,8,0
L00897,0.694,69,1
L02272,0.3359,34,0
L02388,0.1558,16,0
L00173,0.5828,58,0
L00587,0.6663,67,1
L00678,0.2451,25,1
L02619,0.0752,8,0
L02582,0.642,64,0
L02202,0.4092,41,0
L01084,0.8468,85,1
L02492,0.0788,8,0
L02218,0.0802,8,0
L02404,0.5861,59,1
L00989,0.6104,61,0
L01220,0.2235,22,0
L02124,0.1431,14,1
L00738,0.2739,27,1
L02954,0.2039,20,1
L01056,0.3092,31,0
L00764,0.1404,14,0
L00360,0.4102,41,0
L02588,0.1803,18,1
L00839,0.2303,23,0
L02751,0.4839,48,0
L02925,0.3785,38,0
L00482,0.3976,40,1
L02014,0.0907,9,0
L00741,0.9673,97,1
L00681,0.2318,23,0
L02064,0.7884,79,1
L02043,0.5987,60,0
L02034,0.818,82,1
L01191,0.5033,50,1
L02771,0.1234,12,0
L00211,0.4008,40,0
L02338,0.2095,21,1
L00809,0.166,17,0
L01658,0.2062,21,1
L02856,0.1969,20,1
L02080,0.4987,50,0
L00779,0.4619,46,0
L02149,0.4724,47,1
L00890,0.4208,42,1
L00284,0.9306,93,1
L01943,0.2341,23,1
L02581,0.1474,15,0
L01580,0.4588,46,0
L02208,0.6389,64,0
L02420,0.0332,3,0
L00990,0.1098,11,0
L00114,0.152,15,0
L02919,0.6423,64,0
L00880,0.3907,39,0
L01620,0.3555,36,1
L00446,0.5603,56,1
L02821,0.1799,18,0
L02758,0.2477,25,1
L01758,0.3598,36,1
L02033,0.5013,50,0
L00977,0.4255,43,0
L01024,0.4199,42,0
L01838,0.5261,53,0
L00183,0.2138,21,0
L00659,0.4805,48,1
L02335,0.8935,89,1
L02260,0.3848,38,0
L01411,0.1286,13,0
L02731,0.7449,74,1
L01595,0.2721,27,1
L01849,0.3603,36,0
L01445,0.0814,8,0
L01908,0.1138,11,0
L01041,0.6112,61,0
L01184,0.7259,73,1
L02461,0.6341,63,1
L00632,0.6,60,1
L00347,0.6948,69,1
L02186,0.4991,50,1
L01379,0.0552,6,0
L01559,0.1286,13,0
L02559,0.9281,93,1
L00296,0.1217,12,0
L00919,0.2888,29,0
L01173,0.0851,9,0
L01182,0.8874,89,1
L02360,0.2601,26,1
L00875,0.8518,85,1
L01981,0.7403,74,1
L00992,0.1447,14,1
L02781,0.1653,17,0
L01818,0.4122,41,0
L00736,0.3225,32,1
L02561,0.2795,28,1
L02227,0.8572,86,1
L01653,0.5681,57,1
L00248,0.3744,37,1
L00805,0.9344,93,1
L02775,0.548,55,0
L01146,0.6053,61,1
L01217,0.1458,15,0
L02761,0.137,14,0
L02840,0.4392,44,0
L01804,0.0681,7,0
L00545,0.5235,52,0
L01049,0.6162,62,1
L00015,0.7168,72,1
L01428,0.2766,28,0
L00973,0.2554,26,1
L01183,0.8303,83,1
L00457,0.3493,35,1
L01370,0.1768,18,0
L00851,0.8713,87,1
L01836,0.6956,70,1
L00076,0.1001,10,0
L01993,0.6534,65,1
L02670,0.3084,31,1
L01512,0.134,13,0
L01583,0.9436,94,1
L02873,0.8103,81,1
L01990,0.645,64,0
L01414,0.0961,10,0
L01467,0.9295,93,1
L01043,0.7758,78,1
L02591,0.8122,81,1
L02223,0.1234,12,0
L00339,0.1367,14,0
L02543,0.0944,9,0
L00045,0.6651,67,1
L02993,0.0954,10,0
L00299,0.8121,81,1
L00895,0.4498,45,0
L02868,0.0612,6,0
L01121,0.4215,42,0
L00823,0.3358,34,1
L02410,0.522,52,0
L02759,0.2382,24,1
L01096,0.3446,34,0
L02916,0.2779,28,0
L02530,0.0639,6,0
L02542,0.4348,43,1
L01696,0.5366,54,1
L02356,0.139,14,0
L01350,0.3149,31,1
L01571,0.5359,54,0
L02637,0.268,27,1
L02294,0.3543,35,0
L02112,0.7088,71,1
L02755,0.2567,26,0
L02578,0.3689,37,0
L02494,0.4624,46,1
L01963,0.1044,10,0
L02586,0.4581,46,1
L01777,0.114,11,0
L02475,0.5878,59,0
L02340,0.4735,47,0
L02674,0.7808,78,0
L00355,0.1104,11,0
L00440,0.1356,14,0
L01157,0.1052,11,0
L01346,0.5896,59,1
L02721,0.6744,67,0
L02687,0.1118,11,0
L01249,0.7958,80,0
L00226,0.3285,33,0
L01839,0.4172,42,1
L00429,0.1511,15,0
L02533,0.4407,44,1
L01638,0.2458,25,0
L02715,0.0901,9,0
L01820,0.5565,56,1
L00745,0.9191,92,1
L02467,0.1416,14,0
L02003,0.1175,12,0
L02833,0.4801,48,0
L00277,0.8398,84,1
L02658,0.1729,17,0
L00760,0.4113,41,0
L02487,0.1319,13,0
L00239,0.8033,80,1
L02869,0.4273,43,0
L02565,0.6892,69,1
L02205,0.9133,91,1
L00812,0.5566,56,0
L02013,0.2678,27,0
L01321,0.4872,49,1
L00663,0.8347,83,0
L00145,0.1349,13,0
L00062,0.7331,73,1
L02050,0.1545,15,1
L00753,0.8668,87,1
L00216,0.3487,35,1
L02152,0.4836,48,0
L02056,0.7536,75,1
L02636,0.1424,14,0
L01125,0.9281,93,1
L02538,0.3821,38,0
L02757,0.3917,39,1
L02161,0.8292,83,1
L01615,0.2689,27,0
L00836,0.8611,86,1
L00994,0.1152,12,0
L00098,0.4799,48,0
L00829,0.9675,97,1
L00720,0.3626,36,1
L02167,0.9461,95,1
L01323,0.346,35,1
L02317,0.0981,10,0
L00154,0.1951,20,0
L02416,0.0878,9,0
L02237,0.4828,48,1
L00456,0.5861,59,1
L02239,0.1351,14,0
L02671,0.521,52,0
L01534,0.2956,30,0
L02213,0.4067,41,1
L01486,0.2422,24,0
L00789,0.245,24,0
L01421,0.1754,18,0
L02098,0.6035,60,0
L01115,0.3228,32,0
L02598,0.717,72,0
L01219,0.4362,44,1
L00797,0.5179,52,1
L00501,0.9246,92,1
L02091,0.1811,18,0
L01688,0.2523,25,0
L02793,0.3081,31,0
L02743,0.7899,79,1
L02490,0.2114,21,0
L02616,0.2081,21,0
L01144,0.0596,6,0
L00377,0.3542,35,1
L02040,0.3209,32,1
L01349,0.2563,26,1
L02160,0.7307,73,0
L01458,0.8893,89,1
L00289,0.3956,40,1
L00941,0.7759,78,1
L00695,0.8105,81,0
L02826,0.5549,55,0
L02951,0.4236,42,0
L02445,0.3915,39,0
L00070,0.1179,12,0
L01951,0.457,46,0
L02975,0.0991,10,0
L02303,0.0903,9,0
L00075,0.2788,28,1
L00804,0.1354,14,0
L02311,0.3377,34,1
L00344,0.4869,49,0
L00815,0.0788,8,0
L01277,0.185,18,0
L02302,0.6487,65,1
L02088,0.2474,25,1
L00294,0.831,83,1
L02783,0.4958,50,0
L00689,0.4103,41,0
L00732,0.368,37,1
L01119,0.3969,40,1
L01784,0.0699,7,0
L00574,0.5248,52,0
L01779,0.1003,10,0
L01678,0.0905,9,0
L02498,0.1054,11,0
L00425,0.5389,54,1
L00955,0.6879,69,1
L00504,0.2061,21,0
L01171,0.6415,64,1
L02038,0.5501,55,1
L00338,0.8104,81,1
L02737,0.1615,16,0
L02906,0.2051,21,0
L01145,0.1574,16,0
L01738,0.6954,70,1
L00208,0.0844,8,0
L01207,0.4003,40,1
L00508,0.2235,22,1
L01683,0.1288,13,0
L02923,0.8593,86,1
L02824,0.1111,11,1
L02308,0.8216,82,0
L02250,0.5422,54,1
L01745,0.6242,62,1
L01740,0.29,29,0
L01551,0.2658,27,0
L01076,0.2351,24,0
L02101,0.2789,28,0
L02001,0.3073,31,0
L00699,0.6892,69,0
L00265,0.5429,54,0
L01796,0.0812,8,0
L02285,0.1146,11,0
L02813,0.4277,43,0
L01359,0.1994,20,0
L02774,0.2777,28,0
L02651,0.3097,31,0
L02764,0.6378,64,1
L00914,0.0709,7,0
L02956,0.1995,20,0
L00849,0.2262,23,0
L00671,0.4355,44,0
L01168,0.9046,90,1
